,aa,aa,aa,aa,,,,,,ab,ab,ab,ab,ab,ab,ab,ab,ab,,,ac,ac,ac,ac,,ad,ad,,ae,ae,ae,ae,ae,ae,ae,ae,,ae,ae,,af,af,af,af,af,af,af,,,ag,ag,ag,ag,ag,,ah,ah,ah,ah,ah,ah,,ai,,,,ai,,aj,aj,aj,aj,aj,aj,aj,aj,aj,aj,,,,ak,ak,ak,,al,al,al,al,al,,am,,am,am,am,am,am,am
aa,aa,aa,aa,aa,aa,,an,,ab,ab,ab,ab,ab,ab,ab,ab,ab,,ac,ac,,ac,ac,ac,ac,,ad,ad,,ae,ae,ae,ae,ae,ae,ae,ae,ae,ae,ae,,af,af,af,af,af,,ag,ag,ag,ag,ag,,,ah,ah,ah,ah,ah,ah,,ai,ai,ai,,ai,ai,ai,,aj,aj,aj,aj,aj,aj,aj,aj,,,,ak,ak,ak,ak,ak,,al,al,al,,am,am,am,am,am,am,am,am,am
aa,aa,aa,aa,aa,,an,an,,ab,ab,ab,ab,ab,ab,ab,ab,,ac,,ac,ac,ac,ac,ac,ac,,,,ae,ae,ae,ae,ae,ae,ae,ae,ae,ae,ae,,af,af,af,af,af,,ag,ag,ag,ag,ag,,ah,ah,ah,ah,ah,ah,ah,,ai,ai,ai,ai,ai,ai,ai,,ai,,aj,aj,aj,aj,aj,aj,,ak,,ak,ak,ak,ak,ak,ak,ak,,al,,am,am,am,am,am,am,am,am,am,am
aa,aa,aa,aa,,an,an,an,,ab,,ab,ab,ab,ab,,,ac,ac,ac,ac,ac,ac,ac,ac,ac,ac,ac,,ae,ae,ae,ae,ae,ae,ae,ae,ae,ae,ae,ae,,af,af,af,,,,ag,ag,,ag,ag,,ah,ah,ah,ah,ah,ah,ah,,ai,ai,ai,ai,ai,ai,ai,ai,ai,,aj,aj,aj,aj,,ak,ak,ak,ak,ak,ak,ak,ak,ak,ak,ak,,,,am,am,am,am,am,,am,,am
,aa,aa,aa,,an,an,,ao,,ao,,ab,,ab,ab,,,ac,,ac,ac,ac,ac,ac,ac,,,,ae,ae,ae,ae,ae,ae,ae,ae,ae,ae,ae,,af,af,af,af,,,ap,,,ag,ag,ag,ag,,ah,ah,ah,ah,ah,,ai,ai,ai,ai,ai,ai,,,ai,,,,aj,aj,,ak,ak,ak,ak,ak,ak,ak,ak,ak,ak,ak,ak,,,,,,am,am,am,am,am,am,
,,aa,,an,an,,ao,ao,ao,ao,ao,,ao,,,,ac,ac,ac,ac,ac,ac,ac,ac,,ac,,,,,ae,ae,ae,ae,ae,ae,ae,ae,,aq,,af,af,,,ap,ap,ap,ap,,,ag,,ar,,ah,ah,ah,,ai,ai,ai,ai,ai,ai,ai,ai,,,,,as,,aj,,,ak,,ak,ak,ak,ak,ak,ak,ak,ak,ak,ak,ak,,at,at,,am,am,am,am,,
,au,,,an,,ao,ao,ao,ao,ao,,ao,ao,ao,,,,ac,ac,ac,ac,ac,ac,ac,ac,ac,ac,ac,,ae,ae,ae,ae,ae,,,,,aq,aq,aq,,,,ap,ap,ap,ap,ap,ap,ap,,ar,ar,,,ah,,ai,,ai,ai,ai,ai,ai,ai,ai,ai,,as,as,as,as,,ak,ak,ak,ak,ak,ak,ak,ak,ak,ak,ak,ak,ak,ak,ak,ak,,at,,am,am,am,,at,
,au,au,au,,ao,ao,,ao,ao,ao,ao,ao,ao,,ao,,,,ac,ac,ac,ac,ac,ac,ac,ac,ac,,av,,ae,ae,ae,,aw,aw,aw,,,aq,aq,aq,,ap,ap,ap,ap,ap,ap,ap,ap,,ar,,ax,,,ai,ai,ai,ai,ai,ai,ai,ai,ai,ai,ai,ai,,,as,as,as,,ak,ak,ak,ak,ak,ak,ak,ak,ak,ak,ak,ak,,ak,,at,at,at,,am,,at,at,at
au,au,au,au,au,,ao,ao,ao,ao,ao,ao,ao,ao,ao,ao,ao,,ac,ac,ac,ac,ac,ac,ac,,ac,,av,av,av,,ae,,aw,aw,aw,,,aq,aq,aq,,,ap,,ap,ap,ap,ap,ap,,ax,,ax,ax,ax,ax,,ai,ai,ai,ai,ai,ai,,ai,ai,ai,,,ay,,as,as,as,,ak,ak,ak,ak,ak,ak,ak,ak,ak,ak,,,,at,at,at,at,at,,at,at,at,
au,au,au,au,,ao,ao,ao,ao,ao,ao,ao,ao,ao,ao,ao,ao,ao,,ac,ac,ac,ac,ac,ac,ac,,av,av,av,,,,aw,aw,aw,aw,,aw,,aq,aq,,ap,ap,ap,ap,ap,ap,ap,ap,,ax,ax,ax,ax,ax,ax,ax,,ai,ai,ai,,ai,ai,ai,ai,,,ay,ay,ay,,as,as,as,,ak,ak,ak,ak,ak,ak,ak,ak,,,,at,at,at,at,at,at,at,at,at,at,at
au,au,,,ao,ao,ao,ao,ao,ao,ao,ao,ao,ao,ao,ao,ao,,,,ac,ac,ac,ac,ac,ac,,av,av,av,av,,,aw,aw,aw,aw,aw,aw,,,aq,aq,,,ap,ap,ap,ap,ap,,ax,,ax,ax,ax,ax,ax,ax,ax,,,ai,ai,ai,ai,ai,,ay,ay,ay,ay,ay,ay,,as,as,,ak,ak,ak,ak,ak,ak,ak,ak,ak,,az,,,at,at,at,at,at,at,at,at,
,,ba,,,ao,,ao,ao,ao,ao,ao,ao,ao,ao,ao,ao,ao,,,ac,,ac,,ac,,av,av,av,av,,,,,aw,aw,aw,aw,aw,aw,aw,,aq,,ap,ap,ap,ap,ap,,ax,ax,ax,ax,ax,ax,ax,ax,ax,ax,,,,ai,ai,ai,,ay,ay,ay,ay,ay,ay,ay,ay,,as,as,,,ak,ak,ak,,,ak,,az,az,,az,,at,at,at,at,at,at,at,at
ba,,ba,ba,,,ao,ao,ao,ao,ao,ao,ao,ao,ao,ao,,,bb,bb,,bb,,,,,av,,av,av,av,,aw,aw,aw,aw,aw,aw,aw,aw,,bc,,ap,ap,ap,ap,ap,,ax,,ax,ax,ax,ax,ax,ax,ax,,ax,ax,,bd,,,,,ay,ay,,ay,ay,ay,ay,,,as,as,as,,,ak,,az,az,,az,az,az,az,az,az,,at,at,,at,at,at,
ba,ba,ba,ba,,,,ao,ao,ao,ao,ao,,,ao,,bb,bb,bb,bb,bb,bb,,bb,,,,,av,av,,,,aw,,aw,aw,aw,aw,aw,,bc,bc,,ap,ap,ap,,ax,ax,ax,ax,ax,ax,ax,ax,ax,ax,ax,ax,ax,,bd,bd,bd,bd,bd,,,be,,ay,ay,,bf,bf,,as,,bg,bg,,az,az,az,az,az,az,az,az,az,,at,at,at,at,,at,,
ba,ba,ba,ba,ba,ba,,,ao,ao,ao,,,,,bb,bb,bb,bb,bb,bb,bb,bb,bb,bb,,bh,bh,,,,,bi,,bi,,aw,aw,aw,,bc,bc,,bj,,ap,,bj,,,ax,ax,ax,ax,ax,ax,ax,ax,ax,ax,ax,ax,,bd,bd,,,,be,be,be,,,be,,bf,bf,,,bg,,az,az,az,az,az,az,,az,az,az,az,,,at,,,,bk,
ba,ba,ba,ba,ba,ba,ba,,,ao,,bl,,bb,bb,bb,bb,bb,,,bb,bb,bb,bb,,bm,,,bn,bn,,,bi,bi,bi,bi,,aw,,,bc,,bj,bj,bj,,bj,bj,bj,,ax,ax,ax,ax,ax,ax,ax,ax,ax,ax,ax,,bd,bd,,be,be,,be,be,be,be,,be,be,,bf,,bo,,,,az,az,az,az,az,az,az,az,az,,bp,,,,,bk,bk,bk
ba,ba,ba,,ba,,ba,,,,bl,bl,bl,,bb,bb,bb,bb,bb,bb,bb,bb,bb,,bm,bm,bm,bm,,,bi,bi,bi,bi,bi,bi,bi,,bi,bi,,bj,bj,bj,bj,bj,bj,,bj,bj,,ax,ax,ax,ax,ax,ax,ax,,ax,,bq,,,be,be,be,be,be,be,be,,be,be,be,,,bo,bo,bo,,az,az,az,az,az,az,az,az,az,,bp,bp,,bk,bk,bk,bk,bk,bk
ba,ba,ba,ba,ba,ba,ba,ba,,,bl,bl,bl,bl,,bb,bb,bb,,bb,,bb,,bm,bm,bm,bm,bm,bm,,bi,bi,bi,bi,bi,bi,bi,bi,bi,,bj,bj,bj,bj,bj,bj,bj,bj,bj,bj,bj,,ax,,ax,ax,ax,ax,,,bq,bq,bq,,be,be,be,be,be,be,be,be,be,,be,,,,bo,bo,,,,az,az,az,az,az,,,bp,bp,,bk,bk,bk,bk,bk,bk,bk
ba,ba,ba,ba,ba,ba,ba,ba,ba,ba,,bl,bl,bl,bl,,bb,,br,,br,,,,bm,bm,bm,bm,bm,bm,,bi,bi,bi,bi,bi,bi,bi,bi,,,bj,bj,bj,bj,bj,bj,bj,bj,bj,,bq,,bq,,ax,,,bq,bq,bq,bq,bq,bq,,be,be,be,be,be,be,,,bs,,bo,bo,bo,bo,bo,bo,,,az,,az,az,,bp,bp,bp,,bk,bk,bk,bk,bk,bk,bk,bk
ba,ba,ba,ba,ba,ba,ba,ba,ba,,,,bl,bl,,,,br,br,br,br,br,br,,,bm,bm,bm,,,bm,,bi,,bi,,,,,bt,,bj,bj,bj,bj,bj,bj,bj,bj,,bq,bq,bq,bq,bq,,bq,bq,bq,bq,bq,bq,bq,,be,,be,be,,be,,bs,bs,bs,,bo,bo,bo,bo,,bo,bo,bo,,bu,,az,,bp,bp,bp,bp,,bk,,bk,bk,bk,bk,bk
ba,ba,ba,ba,ba,ba,ba,ba,,bv,bv,bv,,,,,br,br,br,br,br,br,,,bm,bm,bm,bm,bm,bm,bm,bm,,bt,,bt,bt,bt,,bt,bt,,bj,bj,bj,bj,bj,bj,bj,bj,,bq,bq,bq,bq,bq,bq,bq,bq,bq,bq,bq,,be,be,be,be,,bs,,bs,bs,bs,,bs,,bo,bo,bo,bo,bo,bo,,bu,bu,bu,,bu,,bp,bp,,,,bw,,bk,bk,bk,bk
ba,ba,,ba,ba,ba,ba,,bv,bv,bv,bv,bv,,,bx,,br,br,br,br,,,bm,bm,bm,bm,bm,,bm,bm,,bt,bt,bt,bt,bt,bt,bt,bt,bt,bt,,bj,bj,bj,bj,,,,by,,,,,bq,bq,bq,bq,bq,bq,,bz,,be,be,,bs,bs,bs,bs,bs,bs,bs,bs,,bo,bo,bo,bo,bo,bo,bo,,bu,bu,bu,bu,bu,,,bw,,bw,bw,bw,,bk,bk,bk
ba,ba,ba,,ba,,,bv,bv,bv,bv,bv,,,bx,bx,bx,,,,br,br,br,,,bm,,,,bm,,,,bt,bt,bt,bt,bt,bt,bt,bt,bt,,bj,bj,,bj,,by,by,by,,ca,ca,ca,,bq,bq,bq,bq,bq,,bz,bz,,be,,,,bs,bs,bs,bs,bs,bs,bs,,bo,bo,bo,bo,bo,bo,bo,,bu,bu,bu,,,bw,bw,bw,bw,bw,bw,bw,,bk,bk
ba,,ba,ba,ba,,bv,bv,bv,bv,,,,bx,bx,bx,bx,bx,bx,bx,,br,br,br,,,cb,cb,cb,,,bt,,bt,bt,bt,bt,bt,bt,bt,,bt,,,,cc,,,by,by,,ca,ca,ca,ca,,,bq,bq,bq,bq,,bz,bz,,,,,cd,,bs,bs,,bs,bs,bs,bs,,bo,bo,bo,bo,,,bu,bu,bu,bu,,bw,bw,bw,bw,bw,bw,bw,,bk,bk,bk
,ba,ba,ba,,ce,,bv,bv,bv,,,,bx,bx,bx,bx,bx,bx,bx,bx,,br,,,cb,cb,cb,,,bt,bt,bt,bt,bt,bt,bt,bt,bt,bt,bt,,cc,cc,cc,cc,cc,cc,,,ca,ca,ca,ca,ca,ca,,,,,,bz,bz,bz,bz,bz,,cd,cd,cd,,bs,bs,bs,bs,bs,,bo,bo,bo,bo,bo,,bu,bu,,bu,,,,bw,bw,bw,bw,bw,bw,bw,,bk,bk
cf,,ba,,,ce,ce,,bv,,,,bx,bx,bx,bx,bx,bx,bx,bx,bx,bx,,cg,cg,,,,ch,ch,,bt,bt,bt,bt,bt,,bt,bt,bt,,cc,cc,cc,,cc,,,ci,ci,,ca,ca,ca,ca,ca,ca,,,,bz,bz,bz,,bz,,cd,,cd,,cd,,bs,,bs,,bo,bo,bo,,,,bu,bu,,cj,,,bw,bw,bw,bw,,bw,bw,bw,bw,bw,,bk
cf,cf,,cf,cf,,ce,,,,,ck,,bx,bx,bx,bx,bx,bx,bx,bx,bx,,,cg,,ch,ch,ch,ch,ch,,bt,,bt,,cl,,bt,bt,bt,,cc,,cm,,cm,,ci,,ca,ca,,ca,ca,ca,ca,ca,,,,bz,bz,bz,,cd,cd,cd,cd,cd,cd,cd,,,,,,bo,bo,bo,,cn,,,cj,cj,cj,,,bw,bw,bw,bw,bw,bw,bw,bw,bw,bw,
cf,cf,cf,cf,cf,cf,,ck,,,ck,ck,ck,,bx,bx,bx,bx,bx,bx,bx,bx,bx,bx,,ch,,ch,ch,ch,ch,ch,,,,cl,cl,cl,,bt,,co,,cm,cm,cm,cm,,,ca,ca,ca,ca,ca,ca,ca,ca,ca,ca,,cp,,bz,,cd,cd,cd,cd,cd,cd,cd,cd,cd,,,,cn,,bo,,cn,cn,,cj,cj,cj,cj,,bw,bw,bw,bw,bw,bw,bw,bw,bw,bw,bw,bw
cf,cf,cf,cf,cf,,ck,ck,ck,ck,,ck,ck,ck,,bx,bx,bx,,bx,bx,,bx,,ch,ch,ch,ch,ch,ch,ch,ch,ch,,cl,cl,cl,,,,co,co,,cm,cm,cm,cm,cm,,,ca,ca,ca,ca,ca,ca,ca,ca,,cp,cp,cp,,cd,cd,cd,,cd,cd,cd,cd,cd,cd,cd,,cn,cn,cn,,cn,cn,,cj,cj,cj,cj,cj,cj,,bw,bw,bw,bw,bw,bw,bw,bw,bw,bw,
cf,cf,cf,cf,cf,,ck,ck,ck,ck,ck,ck,,ck,ck,,bx,bx,bx,bx,bx,,,cq,,ch,ch,ch,ch,ch,ch,ch,,cl,cl,cl,cl,cl,,co,co,co,,cm,,cm,cm,cm,,cm,,ca,ca,,ca,ca,ca,ca,,cp,cp,,cd,cd,cd,cd,cd,cd,cd,cd,cd,cd,cd,cd,cd,,,cn,cn,cn,cn,,cj,cj,cj,cj,cj,cj,cj,,bw,bw,bw,bw,,bw,bw,bw,,cr
cf,cf,cf,cf,cf,,ck,ck,ck,ck,ck,ck,ck,ck,ck,ck,,bx,bx,bx,,,cq,cq,cq,,ch,,ch,ch,ch,,,cl,cl,cl,cl,,cl,,co,,cm,cm,cm,cm,cm,cm,cm,cm,,,ca,ca,ca,ca,ca,,cp,cp,cp,cp,,cd,cd,cd,cd,cd,cd,cd,cd,cd,cd,cd,,,cs,,cn,cn,,ct,,cj,,cj,cj,cj,cj,,,bw,bw,bw,bw,,bw,,cr,cr
,cf,cf,cf,,,,ck,,ck,ck,ck,ck,ck,ck,,bx,bx,bx,bx,,cq,cq,cq,cq,cq,,ch,ch,ch,,cl,cl,cl,cl,cl,cl,cl,cl,cl,,cm,,cm,cm,cm,cm,cm,cm,cm,cm,,,ca,ca,ca,ca,ca,,cp,cp,,cd,cd,cd,cd,cd,cd,cd,cd,,cd,,,cs,cs,cs,cs,,,ct,ct,ct,,ct,,cj,cj,cj,cj,cj,,bw,bw,bw,,,cr,cr,cr
,cf,cf,,cu,,,,ck,ck,,ck,,,,,bx,bx,bx,,cq,cq,cq,cq,cq,cq,,ch,ch,ch,ch,,,cl,cl,cl,cl,cl,cl,,cm,cm,cm,cm,cm,cm,cm,,cm,,,,ca,ca,ca,,ca,,cp,cp,cp,cp,,cd,cd,cd,cd,cd,cd,cd,cd,,cs,cs,cs,cs,cs,,,ct,ct,ct,ct,ct,ct,ct,,cj,cj,cj,,,bw,bw,,cv,cv,,cr,cr
cw,,,cu,cu,cu,,ck,ck,ck,ck,ck,ck,,cx,cx,,bx,,cq,,cq,cq,cq,cq,cq,cq,,ch,ch,,cl,cl,cl,cl,cl,cl,cl,cl,cl,,,cm,,cm,cm,cm,cm,cm,cm,,cy,,ca,ca,,,cz,,cp,,,da,,cd,,,cd,cd,cd,cd,cd,,cs,cs,cs,cs,,ct,ct,ct,ct,ct,ct,ct,,,cj,cj,,db,db,,,cv,cv,,dc,,cr
cw,,cu,cu,cu,cu,cu,,ck,ck,ck,ck,,cx,cx,cx,cx,,cq,cq,cq,cq,cq,cq,cq,cq,cq,cq,,ch,ch,,,cl,cl,cl,cl,cl,,,,cm,cm,cm,cm,cm,cm,cm,cm,cm,,cy,cy,,ca,,cz,cz,cz,,da,da,da,da,,da,,cd,cd,cd,cd,,cs,cs,cs,cs,cs,cs,,ct,ct,ct,ct,ct,ct,ct,ct,,,db,db,db,db,,cv,,dc,dc,dc,
cw,,cu,cu,cu,cu,cu,cu,,ck,,,cx,,cx,cx,cx,cx,,cq,,cq,cq,cq,cq,cq,cq,cq,,ch,,,,,cl,cl,cl,cl,cl,,dd,,,cm,cm,cm,cm,cm,cm,,,cy,cy,cy,,,cz,cz,,cz,,da,da,da,da,da,,cd,cd,cd,,cs,cs,,cs,cs,cs,cs,,ct,ct,ct,ct,ct,ct,ct,,db,db,db,db,db,db,db,,,dc,dc,dc,
,cu,cu,cu,cu,cu,cu,cu,cu,,,cx,cx,cx,cx,cx,cx,,de,,de,,cq,cq,cq,cq,,,df,,,dg,,dg,,cl,,cl,,dd,dd,,cm,cm,cm,cm,cm,cm,cm,cm,cm,,cy,,cz,cz,cz,cz,cz,cz,cz,,da,da,da,da,da,,cd,,cs,cs,cs,cs,cs,cs,cs,,ct,ct,ct,ct,ct,ct,ct,ct,ct,,db,,db,db,db,,,dc,dc,dc,dc,dc
dh,,cu,cu,cu,cu,cu,cu,cu,cu,cu,,,cx,cx,cx,,de,de,de,de,,cq,cq,cq,,df,df,df,,dg,dg,dg,dg,dg,,dg,,dg,,,cm,cm,cm,cm,cm,cm,cm,,cm,,,,cz,cz,cz,cz,cz,cz,cz,cz,cz,,da,da,da,da,da,,cs,cs,cs,cs,cs,cs,cs,,ct,ct,ct,ct,ct,ct,ct,ct,ct,ct,ct,,,,db,,dc,,dc,dc,dc,dc,dc
dh,dh,,cu,cu,cu,cu,cu,,cu,,,di,,cx,,de,de,de,de,de,de,,cq,,,,df,df,df,,dg,dg,dg,dg,dg,dg,dg,dg,dg,,,cm,cm,cm,cm,cm,,dj,,,,cz,cz,cz,cz,cz,cz,cz,,cz,,cz,,da,da,da,,cs,cs,cs,cs,cs,cs,cs,cs,,ct,ct,ct,ct,ct,ct,ct,ct,ct,ct,ct,ct,,,,dc,dc,dc,,dc,dc,dc,dc
dh,,dk,,,cu,cu,cu,cu,,,,di,di,,de,de,de,de,de,de,de,de,,de,,de,,df,,dg,dg,dg,dg,dg,dg,dg,dg,dg,,dl,,,cm,,cm,,,dj,dj,,cz,cz,cz,cz,cz,cz,cz,cz,cz,cz,cz,cz,cz,,da,da,da,,cs,cs,cs,,cs,cs,cs,cs,,ct,ct,ct,ct,ct,ct,ct,ct,,ct,,dm,,dc,dc,dc,dc,dc,dc,dc,dc,dc
,dk,dk,dk,,cu,,cu,,,di,di,di,di,di,,de,de,de,de,de,de,de,de,de,de,de,de,,dg,dg,dg,dg,dg,dg,dg,dg,dg,,dl,dl,,,,dj,,dj,dj,dj,dj,dj,,cz,cz,cz,cz,cz,cz,cz,cz,cz,cz,cz,,,,da,,dn,,cs,,dn,,cs,cs,,,ct,ct,ct,ct,ct,ct,ct,ct,ct,,dm,dm,dm,,dc,dc,dc,dc,dc,dc,dc,dc
dk,dk,dk,dk,dk,,,,do,do,,di,di,di,di,di,,de,de,de,de,de,de,de,de,de,de,,dg,dg,dg,dg,dg,dg,dg,dg,dg,dg,,,dl,dl,dl,,dj,dj,dj,dj,dj,dj,dj,dj,,,cz,cz,cz,cz,cz,,cz,,,,,dn,,dn,dn,dn,,dn,dn,dn,,cs,,,ct,ct,ct,ct,ct,ct,ct,ct,,dm,dm,dm,,dc,dc,dc,dc,dc,dc,dc,dc,dc
dk,dk,dk,dk,dk,dk,,do,do,do,,di,di,di,di,,de,de,de,de,de,de,de,de,de,de,de,,,dg,dg,dg,dg,dg,dg,dg,dg,,dl,dl,dl,dl,dl,dl,,dj,dj,dj,dj,dj,dj,dj,dj,dj,,cz,cz,cz,cz,cz,cz,,,,dn,dn,dn,dn,dn,dn,dn,,dn,,,,dp,dp,,ct,ct,ct,ct,ct,,,dm,dm,dm,dm,dm,,dc,dc,dc,,,dc,dc,dc
dk,dk,dk,dk,dk,,dq,,,,dq,,di,,di,di,,de,de,de,,de,de,de,de,de,,dr,dr,,dg,dg,dg,dg,dg,dg,dg,dg,,dl,,dl,dl,,dj,dj,dj,dj,dj,dj,dj,dj,,,ds,,cz,,cz,cz,,,,dn,dn,dn,dn,dn,dn,,dn,dn,dn,dn,,dp,dp,dp,dp,,ct,ct,ct,,dt,,,dm,,dm,dm,dm,,,,,du,,dc,dc
dk,dk,dk,dk,,dq,dq,,dq,dq,dq,dq,,dq,,di,,,de,,de,de,de,de,de,,dr,dr,dr,dr,,dg,,dg,dg,dg,dg,,dv,,,dl,,dj,dj,dj,dj,dj,dj,dj,dj,dj,dj,,ds,ds,,,cz,,ds,,,,dn,dn,dn,dn,dn,dn,dn,dn,,dn,dn,,dp,dp,,,,ct,,dt,dt,dt,,,,dm,,,,du,,du,du,du,,dc
dk,dk,dk,,dq,dq,dq,dq,dq,dq,dq,dq,dq,dq,dq,,dw,dw,,dw,,de,,de,,dw,,dr,,dr,dr,,,,dg,dg,,dv,dv,dv,dv,,,dj,dj,dj,dj,dj,dj,dj,dj,dj,dj,dj,,ds,ds,ds,,ds,ds,ds,,dn,dn,dn,dn,dn,dn,dn,dn,dn,dn,dn,dn,dn,,,dx,,,,dt,dt,dt,dt,dt,dt,dt,,,,du,du,du,du,du,,du,
,dk,dk,dk,,,dq,dq,dq,dq,dq,dq,dq,dq,dq,dq,,dw,dw,dw,dw,,dw,,dw,dw,dw,,dy,,dr,dr,,,,dg,,,dv,dv,dv,dv,dv,,dj,dj,dj,dj,dj,dj,dj,dj,dj,dj,dj,,ds,ds,ds,ds,ds,ds,ds,,dn,dn,dn,dn,dn,dn,dn,dn,dn,dn,dn,dn,dn,,dx,,,dt,dt,dt,dt,dt,dt,dt,dt,,,du,du,du,du,du,du,du,du,du
dz,,dk,dk,,dq,dq,dq,dq,,dq,dq,dq,dq,,,dw,dw,dw,dw,dw,dw,dw,dw,dw,dw,,dy,dy,dy,,,dy,,,,ea,ea,,dv,dv,dv,,,dj,,dj,dj,dj,dj,dj,,dj,dj,,ds,ds,ds,ds,ds,,ds,,eb,,dn,dn,dn,dn,dn,dn,dn,dn,dn,,dn,,dx,dx,dx,,,dt,dt,,dt,dt,dt,dt,dt,,,,du,du,du,du,du,du,
dz,dz,,dk,,,dq,dq,dq,dq,dq,dq,dq,dq,dq,,,dw,dw,dw,dw,dw,dw,dw,dw,,dy,dy,dy,dy,dy,dy,dy,dy,,ea,ea,ea,ea,,dv,,ec,ec,,dj,dj,dj,dj,dj,dj,dj,,,ds,ds,ds,,ds,,ed,,eb,eb,,,dn,dn,dn,,dn,dn,dn,dn,dn,,dx,dx,dx,dx,,dt,dt,dt,dt,dt,dt,dt,dt,dt,dt,,du,,du,du,du,du,du,du
dz,dz,dz,,dz,,dq,dq,dq,dq,dq,dq,dq,dq,dq,dq,dq,,dw,dw,,dw,,dw,,dy,dy,dy,dy,,dy,dy,dy,,dy,,ea,ea,ea,ea,,ec,ec,ec,,,dj,dj,dj,dj,dj,,ds,ds,ds,ds,,ed,,ed,ed,ed,,,ee,,dn,dn,,dn,dn,dn,dn,dn,,dx,dx,dx,dx,,dt,,dt,dt,dt,dt,dt,dt,dt,dt,,du,du,du,du,du,du,du,du,
dz,dz,dz,dz,dz,dz,,dq,dq,dq,dq,dq,dq,dq,dq,,,,dw,,ef,,ef,,,,dy,dy,dy,dy,dy,dy,dy,dy,dy,dy,,ea,,,,ec,ec,,eg,eg,,dj,dj,,dj,,ds,ds,ds,,ed,ed,ed,ed,ed,,ee,ee,ee,ee,,dn,dn,,,dn,dn,,dx,dx,dx,dx,,dt,dt,dt,dt,dt,dt,dt,dt,dt,dt,,du,du,du,du,du,du,du,du,du,du
dz,dz,dz,dz,dz,dz,,,dq,dq,dq,dq,dq,dq,,eh,eh,eh,,ef,ef,ef,ef,,,dy,dy,dy,dy,dy,dy,dy,dy,dy,dy,dy,dy,,ei,ei,ei,,,eg,eg,eg,eg,,dj,,,ej,,ds,ds,,ed,ed,ed,ed,,ee,ee,ee,ee,ee,,dn,,ek,,dn,,dx,dx,dx,dx,dx,dx,,dt,,dt,dt,dt,dt,dt,dt,dt,,,du,du,du,du,du,du,du,du,du
dz,dz,dz,dz,dz,dz,dz,dz,,dq,dq,dq,,,eh,eh,eh,,ef,ef,ef,ef,ef,ef,,dy,dy,dy,dy,dy,dy,dy,dy,dy,dy,,,ei,ei,ei,ei,,eg,eg,eg,eg,eg,eg,,eg,,ej,,,,ed,,ed,ed,ed,ed,,ee,ee,ee,ee,ee,,,ek,ek,,,,dx,dx,dx,dx,dx,dx,,dt,dt,dt,,dt,dt,dt,dt,dt,,,,du,du,du,du,,du,du
dz,dz,dz,dz,dz,,dz,,el,,dq,,eh,eh,eh,eh,eh,,ef,ef,ef,ef,ef,ef,ef,,dy,dy,dy,dy,dy,dy,dy,dy,,em,,,ei,ei,ei,ei,,eg,,eg,eg,eg,eg,eg,,,en,,ed,ed,ed,,ed,ed,ed,,ee,ee,ee,ee,ee,ee,ee,,,eo,,eo,,dx,dx,dx,dx,dx,,,dt,,dt,dt,dt,dt,,,ep,,du,du,du,du,du,,du,du
dz,dz,dz,dz,dz,dz,,el,el,el,,,eh,eh,eh,eh,eh,eh,,ef,ef,ef,ef,,ef,ef,,dy,dy,dy,dy,dy,dy,dy,,em,em,em,,ei,ei,,eq,,eg,eg,eg,eg,eg,eg,eg,,en,,ed,ed,ed,ed,ed,ed,,ee,ee,ee,ee,ee,ee,ee,ee,,eo,eo,eo,eo,eo,,dx,dx,dx,,er,,,er,,dt,dt,dt,,ep,ep,ep,,du,du,du,du,,,du
dz,dz,dz,dz,dz,dz,dz,,,,es,es,,,eh,eh,eh,,ef,,ef,ef,ef,ef,ef,,dy,dy,dy,dy,,,dy,,em,em,em,em,em,,,,eq,eq,,,eg,eg,eg,eg,,en,en,en,,ed,ed,ed,ed,ed,ed,,ee,ee,ee,ee,ee,ee,,eo,eo,eo,eo,eo,eo,eo,,dx,,er,er,er,er,er,er,,dt,,ep,ep,ep,ep,ep,,,du,,et,et,
dz,dz,dz,dz,dz,dz,,,es,es,es,es,es,es,,eh,,ef,ef,ef,ef,ef,ef,ef,ef,ef,,dy,dy,,eu,eu,,em,em,em,em,,,,eq,,eq,eq,eq,eq,,,,,eq,,en,,ed,ed,ed,ed,ed,ed,ed,ed,,ee,ee,ee,,,eo,,eo,eo,eo,eo,eo,eo,,,er,er,er,er,er,er,er,er,,ep,ep,ep,ep,ep,ep,ep,,,,et,,
dz,dz,dz,dz,dz,,,,es,es,es,es,es,es,es,,ef,ef,ef,ef,ef,ef,ef,,ef,,,dy,,eu,eu,eu,eu,,em,,em,,,eq,eq,,eq,eq,eq,eq,eq,eq,eq,eq,eq,,en,en,,ed,ed,ed,ed,ed,ed,ed,ed,,ee,,,eo,eo,eo,eo,eo,eo,eo,eo,eo,,,,er,er,er,er,er,er,er,,ep,ep,ep,ep,ep,ep,,,,ev,,ev,ev
dz,dz,,dz,,,,es,es,es,es,es,es,es,es,es,,,ef,ef,ef,ef,ef,ef,,,,,eu,eu,eu,eu,eu,,,,,,eq,eq,eq,eq,eq,eq,eq,eq,eq,eq,eq,eq,,en,en,en,en,,ed,ed,ed,ed,ed,ed,ed,ed,,ew,,,eo,eo,eo,eo,eo,eo,eo,eo,eo,,er,er,er,er,er,er,er,er,er,,ep,ep,ep,,,,,ev,ev,ev,ev,ev
dz,dz,dz,,,,es,es,es,es,es,es,es,es,,es,,ex,,ef,ef,ef,ef,ef,,,eu,eu,eu,eu,eu,,,ey,ey,,ey,ey,,eq,,eq,eq,eq,eq,eq,eq,eq,eq,eq,eq,,en,en,en,en,,ed,ed,,ed,ed,ed,,ew,ew,ew,,,eo,eo,eo,eo,eo,eo,,,er,er,er,er,er,er,er,er,er,er,er,,ep,ep,,,,,ev,ev,ev,ev,ev
,dz,,,,es,es,es,es,es,es,es,es,es,,,ex,ex,,ef,ef,ef,ef,ef,ef,,,,eu,,,ey,,,ey,ey,ey,ey,ey,,eq,eq,eq,eq,eq,eq,eq,eq,eq,eq,,ez,,en,,,fa,,,fa,,ed,,ew,ew,ew,,ew,ew,,,eo,eo,eo,,fb,fb,,er,er,er,er,er,er,er,er,er,,,ep,,,,ev,ev,ev,ev,ev,ev,ev
fc,,,fc,,,es,es,es,es,,es,es,es,es,,ex,ex,,ef,ef,ef,ef,ef,,,fd,fd,,ey,ey,ey,ey,ey,ey,ey,ey,ey,,eq,eq,eq,eq,eq,eq,eq,eq,,eq,,ez,ez,ez,,fa,fa,fa,fa,fa,fa,fa,,ew,ew,,ew,ew,ew,ew,,,,,eo,,fb,fb,fb,,er,er,er,er,er,er,er,,fe,fe,,fe,,ev,ev,ev,ev,ev,ev,ev,ev
fc,fc,fc,fc,fc,,,es,,,ff,,es,es,,ex,ex,ex,ex,,ef,,ef,,fd,fd,fd,fd,fd,,ey,ey,ey,ey,ey,ey,ey,ey,ey,,eq,eq,eq,eq,eq,eq,eq,eq,,ez,ez,ez,,fa,fa,fa,fa,fa,fa,fa,fa,fa,,ew,ew,ew,ew,ew,ew,ew,ew,,fg,,fb,fb,fb,fb,,er,er,er,er,,er,,,fe,fe,fe,fe,fe,,ev,ev,ev,ev,ev,ev,ev
fc,fc,,fc,fc,fc,,,,ff,ff,ff,,,ex,ex,ex,ex,ex,ex,,fd,,fd,fd,fd,fd,fd,,ey,ey,,ey,ey,ey,ey,ey,ey,ey,ey,,eq,,eq,eq,eq,,eq,,ez,ez,ez,ez,,fa,,fa,fa,fa,,fa,,,ew,ew,ew,ew,ew,,ew,,fg,fg,,fb,fb,fb,,er,er,,er,er,er,er,er,er,,fe,fe,fe,fe,fe,,ev,ev,ev,ev,ev,ev
fc,fc,fc,fc,fc,fc,,,ff,ff,ff,,ff,,,ex,ex,ex,ex,,fd,fd,fd,fd,fd,fd,fd,,fh,,,fh,,ey,ey,ey,ey,ey,ey,ey,ey,,,,eq,eq,,,ez,ez,ez,ez,ez,ez,,fa,fa,fa,fa,fa,,,fi,,ew,ew,ew,ew,ew,,,fg,fg,fg,,fb,,,,,er,er,er,er,er,er,,fe,fe,fe,fe,fe,fe,fe,,ev,ev,ev,ev,ev
fc,fc,fc,fc,fc,fc,,ff,ff,ff,ff,ff,ff,,ff,,ex,,,fd,fd,,fd,fd,fd,fd,,fh,fh,fh,fh,fh,fh,,ey,ey,ey,ey,ey,ey,ey,ey,,,eq,,ez,ez,ez,ez,ez,ez,ez,,fa,fa,fa,fa,fa,,,,fi,fi,,ew,ew,ew,,fj,fj,,fg,fg,,,,,fk,,,er,er,er,er,,fe,fe,fe,fe,fe,fe,fe,fe,,ev,ev,ev,ev,ev
fc,fc,fc,fc,fc,,ff,ff,ff,ff,ff,ff,ff,ff,ff,ff,,,,,,fd,fd,fd,fd,,fh,,fh,fh,fh,fh,fh,fh,,ey,,ey,ey,ey,ey,,fl,,,fl,,,ez,ez,ez,ez,ez,ez,,fa,fa,fa,,,fi,fi,fi,fi,fi,,ew,,fj,fj,fj,,fg,,fk,,,fk,fk,,,er,er,er,,fe,fe,fe,fe,fe,fe,fe,fe,,,,ev,ev,,ev
,,fc,,,ff,ff,,ff,ff,ff,ff,ff,ff,ff,,,,fm,,fm,,fd,fd,,fh,fh,fh,fh,fh,fh,fh,fh,fh,fh,,fn,,ey,ey,,fl,fl,fl,fl,fl,fl,fl,,ez,ez,,ez,,,,fa,,,,fi,fi,fi,fi,fi,fi,,fj,fj,fj,,fk,,fk,fk,fk,fk,fk,fk,fk,,,er,,fo,,,fe,fe,fe,fe,fe,,fp,,fp,,ev,,ev
fq,fq,,ff,ff,ff,ff,ff,ff,ff,ff,ff,ff,ff,,fm,,fm,fm,fm,fm,,,,fh,fh,fh,,fh,fh,fh,fh,fh,fh,,,fn,,ey,,fl,fl,fl,fl,fl,fl,fl,fl,fl,,ez,ez,ez,ez,,,,fr,,fi,fi,fi,fi,fi,fi,fi,fi,,fj,,fk,fk,fk,fk,fk,,fk,fk,fk,fk,fk,fk,,fo,fo,fo,fo,,fe,,fe,,,fp,fp,fp,fp,,,
fq,,fq,,ff,ff,ff,ff,ff,ff,ff,ff,ff,ff,,fm,,fm,fm,,fm,fm,fm,,fh,fh,fh,fh,fh,fh,fh,fh,,,,fs,,,,fl,fl,fl,fl,fl,fl,fl,fl,fl,fl,fl,,,,,,ft,,fr,,,fi,fi,fi,fi,fi,fi,,,,fk,fk,fk,fk,fk,fk,fk,fk,fk,fk,fk,fk,fk,fk,,,fo,,,,,,fp,fp,fp,fp,fp,fp,fp,,fu
fq,fq,fq,fq,,,,ff,ff,ff,ff,ff,,,fm,fm,fm,fm,fm,fm,fm,fm,fm,fm,,fh,fh,fh,fh,fh,fh,,,,fs,fs,fs,,,,fl,fl,fl,fl,fl,fl,fl,fl,fl,,fv,,ft,,ft,ft,ft,,fi,fi,fi,fi,fi,fi,fi,fi,,,fk,fk,fk,fk,fk,fk,fk,fk,fk,fk,fk,fk,fk,fk,,,fw,,fw,,,,fp,fp,fp,fp,fp,fp,fp,fp,,fu
fq,fq,fq,,fx,fx,,,ff,ff,ff,,fm,fm,fm,fm,fm,fm,fm,fm,fm,fm,fm,,fh,fh,,fh,fh,fh,,fs,,fs,fs,fs,fs,,fl,fl,fl,fl,fl,fl,fl,fl,fl,,fl,,fv,,ft,ft,ft,ft,,fi,fi,fi,fi,fi,fi,fi,fi,fi,fi,,,fk,fk,fk,fk,,fk,fk,fk,fk,fk,,fk,fk,fk,,fw,fw,fw,fw,,,,,fp,fp,fp,fp,fp,fp,,fu
fq,fq,fq,,fx,,ff,ff,ff,ff,,fm,fm,fm,fm,fm,fm,fm,fm,fm,fm,fm,fm,,fh,fh,fh,fh,fh,,fs,fs,fs,,fs,fs,fs,fs,,fl,,fl,fl,fl,fl,fl,fl,fl,fl,fl,,,ft,ft,ft,ft,ft,,fi,,fi,fi,fi,fi,fi,fi,fi,,fy,,fk,,fk,fk,fk,fk,fk,fk,fk,fk,fk,fk,,fw,fw,fw,fw,,fw,,fz,fz,,fp,fp,fp,fp,,fu,fu
fq,,,ga,,,,ff,ff,,fm,fm,fm,fm,fm,fm,fm,fm,fm,fm,fm,fm,fm,fm,,fh,fh,fh,fh,,fs,fs,fs,fs,fs,fs,fs,fs,fs,,fl,fl,fl,fl,fl,fl,fl,fl,,,,,,ft,,ft,,gb,,,fi,fi,fi,fi,fi,fi,,fy,fy,fy,,,,fk,fk,fk,fk,fk,fk,fk,fk,,fw,,fw,fw,fw,fw,fw,fw,,fz,fz,,fp,fp,,fu,fu,fu
,ga,ga,ga,ga,,gc,,ff,,,fm,fm,,fm,fm,fm,fm,fm,fm,fm,fm,fm,fm,fm,,fh,,,fs,fs,fs,fs,fs,fs,fs,fs,fs,fs,fs,,fl,,fl,,fl,fl,,gd,gd,,gb,gb,,gb,,gb,gb,gb,gb,,fi,fi,fi,fi,,fy,fy,fy,fy,fy,,fk,fk,fk,fk,fk,fk,,fk,,fw,fw,fw,fw,fw,fw,fw,fw,fw,fw,,fz,,fp,,,fu,fu,fu
ga,ga,ga,ga,ga,,gc,,,ge,ge,,fm,fm,fm,fm,fm,fm,fm,fm,fm,fm,fm,fm,,gf,,gf,gf,,fs,fs,fs,fs,fs,fs,fs,fs,fs,,,fl,fl,fl,fl,fl,fl,fl,,gd,gd,,gb,gb,gb,gb,gb,gb,gb,,gb,,fi,,,,fy,fy,fy,fy,fy,fy,,fk,fk,fk,fk,fk,fk,,fw,,fw,fw,fw,fw,fw,fw,fw,fw,,fz,fz,fz,,fz,fz,,fu,
ga,ga,ga,ga,ga,ga,,ge,ge,ge,ge,ge,,,fm,fm,fm,fm,fm,fm,fm,fm,,,gf,gf,gf,gf,gf,gf,,fs,fs,fs,fs,fs,fs,fs,fs,fs,,,fl,fl,fl,,fl,,gd,gd,,gb,gb,gb,gb,gb,gb,gb,gb,gb,gb,gb,,gg,gg,gg,,fy,fy,,fy,fy,fy,,fk,fk,,fk,,fw,fw,fw,fw,fw,fw,fw,fw,fw,fw,fw,,fz,fz,fz,fz,fz,,,,gh
ga,ga,ga,ga,,,,ge,ge,ge,ge,ge,ge,ge,,fm,fm,fm,,fm,,,gi,gi,,,gf,gf,gf,,fs,fs,fs,fs,fs,fs,fs,fs,fs,,gj,gj,,fl,,,,gd,gd,gd,gd,,gb,gb,gb,gb,gb,gb,gb,gb,,,gg,gg,gg,,,fy,,gk,,fy,fy,,fk,fk,fk,,fw,fw,fw,fw,fw,fw,fw,fw,fw,fw,fw,fw,fw,,fz,fz,fz,fz,fz,,gh,gh
ga,ga,ga,,gl,,gl,,ge,ge,ge,,ge,ge,,fm,fm,fm,,,gi,gi,gi,gi,gi,gi,,gf,,fs,fs,fs,fs,fs,fs,fs,fs,fs,,,,gj,,,gm,,gd,gd,gd,gd,,gb,gb,gb,gb,gb,gb,,gb,,gn,gn,,gg,,,gk,,gk,gk,,,fy,,,fk,,go,,fw,fw,fw,,fw,fw,fw,,fw,fw,fw,fw,,fz,fz,fz,fz,,,gh,gh
ga,ga,ga,,gl,gl,gl,gl,,,,gp,,,,,fm,,gi,gi,gi,gi,gi,gi,gi,,gf,gf,gf,,,fs,fs,fs,fs,fs,,fs,,,gq,,gq,,gm,gm,,gd,gd,gd,gd,,gb,,gb,gb,gb,,,,,,gr,,,gk,gk,gk,gk,gk,,gk,,gs,gs,,go,go,,fw,fw,fw,fw,,fw,fw,fw,fw,fw,fw,,fz,fz,,fz,,,gh,,gh
ga,ga,,gl,gl,gl,gl,gl,,gp,,gp,gp,gp,,,,gi,gi,gi,gi,gi,gi,gi,gi,gi,,gf,gf,gf,,fs,fs,fs,fs,fs,fs,,gq,gq,gq,gq,gq,,,gm,gm,,gd,gd,,,,,,gb,,gt,gt,,gr,gr,gr,gr,gr,,gk,,gk,gk,gk,gk,gk,,gs,gs,,go,go,,,fw,,gu,,fw,fw,,fw,,,fz,fz,fz,,,gh,gh,,gh
ga,,gl,gl,gl,gl,gl,,gp,gp,gp,gp,,gp,,gi,gi,gi,gi,gi,gi,gi,gi,gi,,,gf,gf,gf,gf,gf,,fs,fs,fs,fs,,gq,gq,gq,gq,gq,gq,gq,gq,,gm,,gd,,gv,,gv,,,,gt,gt,,gr,gr,gr,gr,gr,,gk,gk,gk,gk,gk,gk,gk,gk,gk,,,gw,,go,go,go,,gu,gu,gu,,fw,,,,,,fz,,,gh,gh,gh,gh,gh
,gl,gl,gl,gl,gl,gl,gl,,gp,gp,gp,gp,gp,gp,,gi,gi,gi,gi,gi,gi,gi,,,,gf,gf,gf,gf,gf,,fs,,fs,,gq,gq,gq,gq,gq,gq,gq,,,,,,,gv,gv,gv,gv,gv,,gt,gt,gt,,gr,gr,gr,gr,,gk,gk,gk,gk,gk,gk,gk,gk,gk,gk,,gw,gw,,go,go,,gu,,gu,gu,gu,,,,,gx,gx,,,gh,gh,gh,gh,gh,gh
gl,gl,gl,gl,gl,gl,gl,,gp,gp,gp,gp,gp,gp,gp,,,gi,gi,gi,gi,,,,,gy,,gf,gf,gf,gf,,,gz,,gq,gq,gq,gq,gq,,gq,,ha,,,ha,,gv,gv,gv,gv,gv,,gt,gt,gt,,,,gr,,,gk,gk,gk,gk,gk,gk,gk,gk,gk,gk,,gw,gw,,go,go,,gu,gu,gu,gu,gu,gu,gu,,gu,,gx,gx,,gh,gh,gh,gh,gh,gh,gh
gl,gl,gl,gl,gl,gl,gl,gl,,gp,,gp,gp,gp,gp,gp,,,gi,,,gy,,gy,gy,gy,gy,,gf,gf,,gz,gz,gz,gz,,gq,gq,,,ha,,ha,ha,ha,,ha,,,gv,gv,gv,,gt,gt,,,hb,,,gr,,gk,gk,gk,gk,gk,gk,gk,gk,gk,gk,,,gw,,hc,,,gu,gu,gu,gu,gu,gu,gu,gu,gu,gu,gu,,gx,gx,,gh,gh,gh,gh,gh,gh
gl,gl,gl,gl,gl,gl,gl,gl,gl,,hd,,gp,gp,gp,,,,,gy,gy,gy,gy,gy,gy,gy,gy,gy,,,gz,gz,gz,gz,,,gq,,ha,ha,ha,ha,,ha,ha,ha,ha,ha,ha,,gv,gv,gv,,,hb,hb,hb,hb,,,he,,gk,gk,gk,,gk,gk,gk,gk,gk,gk,gk,,hc,hc,hc,,,gu,gu,gu,gu,gu,gu,gu,gu,gu,gu,,gx,gx,gx,,gh,gh,,gh,
,gl,gl,gl,gl,gl,,gl,,hd,hd,hd,,gp,,,hf,,gy,gy,gy,gy,gy,gy,gy,gy,gy,gy,gy,,gz,,gz,gz,gz,gz,,ha,ha,ha,ha,ha,ha,ha,ha,ha,ha,ha,ha,ha,,gv,,,hb,hb,hb,hb,,hb,,he,he,,,gk,gk,gk,gk,gk,gk,gk,gk,,hc,hc,hc,hc,hc,,gu,gu,gu,gu,gu,gu,gu,gu,gu,gu,gu,,gx,gx,,,,hg,,hg
gl,gl,gl,gl,gl,,hd,,hd,hd,hd,hd,hd,,,hf,hf,hf,,gy,gy,gy,gy,gy,gy,gy,gy,gy,,,,hh,,gz,gz,,,,ha,ha,ha,ha,ha,ha,ha,ha,ha,ha,ha,,,,,hb,,hb,hb,hb,,hb,hb,,he,he,,gk,gk,gk,gk,gk,gk,gk,,,,hc,hc,hc,,gu,gu,gu,gu,gu,gu,gu,gu,gu,gu,gu,,gx,gx,,hg,,hg,hg,hg,hg
,gl,gl,gl,,hd,hd,,hd,hd,hd,hd,,,hf,,hf,,gy,gy,gy,gy,gy,gy,gy,gy,gy,gy,gy,,hh,hh,hh,,,hi,,hi,,ha,ha,ha,ha,ha,ha,ha,ha,ha,ha,ha,,,hb,hb,hb,hb,hb,hb,hb,hb,hb,hb,,he,he,,gk,gk,gk,gk,gk,,,,hc,hc,hc,,gu,gu,gu,,gu,gu,gu,gu,gu,,,,gx,gx,,hg,hg,hg,hg,hg,hg,hg
hj,,gl,,hd,hd,hd,hd,hd,hd,hd,hd,,hf,hf,hf,hf,hf,,gy,gy,gy,gy,gy,gy,gy,,gy,,hh,hh,hh,hh,hh,,hi,hi,hi,hi,,ha,,ha,ha,ha,ha,ha,ha,ha,,,,,hb,hb,hb,hb,hb,hb,hb,hb,hb,,,he,he,,gk,,gk,,hk,,hc,hc,hc,hc,hc,,,,gu,gu,gu,gu,gu,,,,,,gx,,hg,hg,hg,hg,hg,hg,hg
hj,hj,,hd,hd,hd,hd,hd,hd,hd,hd,,hf,,hf,hf,hf,hf,hf,,gy,,gy,gy,gy,gy,gy,,hh,hh,hh,hh,hh,,hi,hi,hi,hi,,,,ha,ha,ha,,ha,ha,ha,,hl,hl,,hb,hb,hb,hb,hb,hb,hb,hb,hb,,hm,hm,,,hk,,hk,,hk,hk,hk,,hc,hc,hc,hc,,gu,gu,gu,gu,gu,gu,gu,gu,gu,,hn,hn,,hg,hg,hg,hg,hg,hg,hg,hg
hj,hj,,,hd,hd,hd,hd,hd,hd,,hf,hf,hf,hf,hf,hf,hf,hf,hf,,hf,,gy,gy,gy,,hh,hh,hh,hh,hh,hh,hh,,hi,hi,hi,hi,hi,hi,,ha,ha,ha,ha,ha,,hl,hl,,,hb,,hb,hb,hb,hb,hb,hb,,,hm,hm,hm,,hk,hk,hk,hk,hk,hk,,hc,,hc,hc,hc,hc,,gu,gu,,gu,gu,,gu,,hn,hn,hn,hn,,hg,hg,hg,hg,hg,hg,hg
hj,,ho,,,hd,hd,hd,hd,hd,hd,,,hf,hf,hf,hf,hf,hf,hf,hf,hf,hf,,gy,,hp,,,hh,hh,hh,hh,,hi,hi,hi,hi,hi,hi,hi,hi,,ha,ha,ha,ha,ha,,hl,hl,hl,,hq,,hb,hb,hb,hb,,hm,hm,hm,hm,hm,hm,,,hk,hk,hk,,hc,hc,hc,hc,hc,hc,hc,hc,,,gu,gu,gu,,,hn,hn,hn,hn,hn,hn,,,hg,hg,hg,hg,hg
,ho,ho,,,,hd,hd,hd,hd,hd,,hf,hf,hf,hf,hf,hf,hf,hf,hf,hf,,,,hp,hp,,hr,,hh,hh,,hi,hi,hi,hi,hi,hi,,hi,,,ha,ha,ha,ha,,,hl,hl,,,hq,,hb,hb,hb,hb,hb,,hm,hm,hm,hm,hm,hm,hm,,hk,hk,hk,,hc,hc,hc,hc,hc,hc,hc,,,gu,gu,,hn,hn,hn,hn,hn,,hn,,hn,hn,,hg,hg,hg,hg
ho,ho,ho,ho,,,,hd,hd,hd,hd,hd,,hf,hf,hf,hf,,hf,hf,hf,hf,hf,,,,,hr,hr,hr,,,hi,hi,hi,hi,hi,hi,hi,hi,,,ha,ha,ha,,,hs,,hl,,,hq,hq,,,hb,,hb,hb,,hm,hm,hm,hm,hm,hm,hm,hm,,hk,hk,hk,,hc,hc,hc,hc,hc,hc,hc,,,gu,,hn,hn,hn,hn,hn,hn,hn,hn,hn,hn,hn,,hg,hg,hg
ho,ho,ho,ho,ho,,,,hd,hd,hd,hd,,hf,hf,hf,hf,hf,hf,hf,hf,hf,,,,hr,,hr,hr,hr,hr,,hi,hi,hi,hi,hi,hi,hi,hi,hi,,,ha,,hs,hs,hs,hs,,hq,hq,hq,hq,hq,hq,,,hb,,,hm,hm,hm,hm,hm,hm,hm,hm,hm,,hk,hk,hk,,hc,hc,hc,hc,hc,,ht,ht,,hn,hn,hn,hn,hn,hn,hn,hn,hn,hn,,,hg,hg,hg,hg
ho,,ho,ho,ho,ho,ho,,hd,hd,hd,hd,hd,,,,hf,,hf,hf,hf,,,,hr,hr,hr,hr,hr,hr,hr,,,hi,hi,hi,hi,hi,hi,hi,,hs,hs,,hs,hs,hs,hs,,hq,hq,hq,hq,hq,hq,hq,hq,,,,hm,hm,hm,hm,hm,hm,hm,hm,hm,,,,,,hu,,hc,,hc,,ht,ht,ht,ht,,hn,hn,hn,hn,hn,hn,hn,hn,,,hg,hg,hg,hg,hg
ho,ho,ho,ho,ho,ho,ho,,hd,hd,hd,hd,hd,,hv,hv,,hv,,hf,,,,hr,hr,hr,hr,hr,hr,hr,hr,hr,,,hi,hi,hi,hi,,,,hs,hs,hs,hs,hs,hs,hs,hs,,hq,hq,hq,hq,hq,hq,,,hm,hm,,hm,hm,hm,hm,hm,hm,hm,hm,hm,,hu,hu,hu,hu,hu,,,,ht,ht,ht,ht,ht,,,hn,hn,hn,hn,hn,hn,hn,hn,,,hg,hg,hg,
ho,ho,ho,ho,ho,ho,ho,ho,,hd,hd,hd,,hv,hv,hv,hv,hv,hv,,hv,,,,hr,hr,hr,hr,hr,,hr,hr,hr,hr,,hi,,hi,,hs,hs,,hs,hs,hs,hs,hs,hs,hs,hs,,hq,hq,hq,hq,,hm,hm,hm,hm,hm,hm,hm,hm,hm,hm,hm,hm,,,hu,hu,hu,hu,hu,hu,hu,,ht,ht,ht,,ht,,hn,hn,hn,hn,hn,hn,hn,hn,hn,,hw,hw,,hg,,hx
ho,ho,ho,ho,ho,ho,ho,,,,,,hv,hv,hv,hv,hv,hv,hv,hv,hv,hv,,,,hr,hr,hr,hr,hr,hr,hr,hr,hr,hr,,,,hs,hs,hs,hs,hs,hs,hs,hs,hs,hs,hs,,hq,hq,hq,hq,hq,hq,,hm,,hm,hm,hm,hm,hm,hm,hm,hm,hm,hm,,hu,hu,hu,hu,hu,hu,,ht,ht,ht,ht,ht,ht,ht,,hn,hn,hn,hn,,hn,hn,,hw,hw,hw,hw,,hx,hx